claim_id,claim,mathematical_support,implementation_or_checker,source_or_test,experiment,paper_location,raw_result,maturity,fresh_recheck
C01,Ambient cut-map refinement is exactly inclusion,proofs/arguments.md section 1,adjacent-swap mathematical argument,Full ambient class words,none,Lemma 1 / Section II,proofs/arguments.md,proved_handwritten,Paper proof and artifact argument agree; not mechanized
C02,Centered adjacent changes characterize affine shuffle adequacy,proofs/arguments.md section 2,countcuts/engine.py; countcuts/checker.py,tests/algebraic_pilot.py; countcuts/oracle.py,fixed cases and centering/palette controls,Theorem 7 / Section VI,results/observed/fixed; results/observed/controls.json,proved_handwritten; finite_checked,Clean campaign comparison recorded in results/clean_reproduction.json
C03,Lossless preloaded contention has immutable merge-prefix invariant,proofs/arguments.md section 3,countcuts/frontier.py; countcuts/frontier_check.py,countcuts/frontier_oracle.py,F01-F08 and countermodels,Lemma 2 / Section III,results/observed/frontier; results/observed/controls.json,proved_handwritten; finite_checked,Exact small service/color oracle and clean reproduction
C04,Control layers are exact and each path lifts for every admitted word,proofs/arguments.md sections 3-4,frontier_check exact successor equality,Omission and fabricated-state mutations,frontier cases,Proposition 3 / Sections III-IV,results/observed/frontier; results/observed/controls.json,proved_handwritten; finite_checked,Not a mechanized implementation proof
C05,Required active reachable frontiers give unique least ambient cut set,proofs/arguments.md section 4,countcuts/frontier_check.py,Exact word/service candidate oracle,F01-F08,Theorem 4 / Section IV,results/observed/frontier,proved_handwritten; finite_checked,Library insufficiency retained as negative result
C06,Witnesses have minimal Hamming distance two and earliest declared endpoint,proofs/arguments.md sections 2 and 5,frontier_check witness replay/earliest opportunity,F07 earliest_failure=4; queried-endpoint rejection,frontier cases,Theorem 5 / Sections IV and VII,results/observed/frontier/frontier07.json; controls.json,proved_handwritten; finite_checked,Not shortest unrestricted or full-horizon trace; no later-valid-witness mutation claimed
C07,"Equal-width adequacy is divisibility, not numeric monotonicity",proofs/arguments.md section 6,reproduce.py uniform_counts,Algebraic FIFO prefix4 control; F08,algebraic pilot; frontier cases,Section IV-F,results/algebraic_pilot.json; results/observed/frontier/frontier08.json,proved_handwritten; finite_checked,Independent per-source-width baseline retained
C08,Every finite nonempty-edge hypergraph has a visible-context binary FIFO realization,proofs/arguments.md section 7,countcuts/restricted.py; restricted_check.py,Exact three-cut candidates,19 canonical FIFO cases,Theorem 8 / Section VI,results/observed/restricted,proved_handwritten; finite_checked,Ambient nonleastness is not absence of semantic query quotient
C09,128 three-vertex families reduce to 19 antichains without changing answers,proofs/arguments.md section 10,reproduce.py canonical_coverage,All eight cut candidates per family,canonical coverage,Section VII,results/observed/coverage.json,proved_handwritten; finite_checked,Only 19 physical FIFO workloads replayed
C10,Checker acceptance has specified sound semantic interpretation,proofs/arguments.md section 8,Separate checker modules; CLI imports no producer in check mode,23 rejected certificate/schema mutations; two INCOMPLETE resource controls; restricted negative acceptance/forgery test; tests/frontier_integer_contract.py,main campaign and small CLI example,Theorem 6 / Section V,results/observed/controls.json; results/clean_reproduction.json,proved_handwritten; finite_checked,"Independent checkers re-run after restricted negative-certificate, earlier-query, and strict integer/index-contract hardening; valid F03 decodes at frontier 22 and 30 directed numeric/structure variants reject before decoding; no independent human/blind review"
C11,Assumption countermodels refute unrestricted merge/affine extension,proofs/arguments.md section 9,countcuts/controls.py,Tail-drop; downstream LIFO; arrivals; class-sensitive OR,negative controls,Section VI-C,results/observed/controls.json,proved_handwritten; finite_checked,Benign self-contained models only
C12,"78 main cases: 51 adequate, 27 insufficient; 32 exhaustive micro-models; zero oracle/audit disagreements",finite main campaign plus independent exhaustive micro-model audit,reproduce.py; countcuts/frontier_audit.py,Frozen inputs/cases.json; inputs/exhaustive_frontier_audit.json,main campaign and exhaustive audit,Abstract / Section VII / campaign table,results/observed/summary.json; results/observed/exhaustive_frontier_audit.json,measured; finite_checked,Clean reproduction compares 82 deterministic scientific JSON files and 59 case-table rows
C13,F03 uses 5 blocks vs 27 source-specific and 48 common uniform blocks,proofs/arguments.md section 6,reproduce.py uniform_counts,frontier03 retained dictionary and certificate,F03,Abstract / Figure 1 / frontier table,results/observed/frontier/frontier03.json,proved_handwritten; measured,"Block counts, not state counts or runtime speedup"
C14,Retained campaign charges 99212 obligations under one worker and declared process limits,resource observation and explicit obligation accounting,reproduce.py; frontier_audit.py,One worker; 2 GiB address-space and 110 CPU-second limits,observed campaign and clean reproduction,Section VII-E; supplement reproduction section,results/observed/summary.json; results/clean_reproduction.json,measured,99212 = 56205 campaign/control + 43007 exhaustive-audit obligations; CPU/RSS are run-dependent and excluded from scientific equality
C15,Two transition-budget controls produce INCOMPLETE rather than a scientific answer,specified failure behavior,frontier.explore; frontier_check.check,producer_transition_limit; checker_transition_limit,main controls,Section V / Section VII,results/observed/controls.json,finite_checked,"Transition budgets, not a claim of measured memory exhaustion"
C16,Query unions compose by cut-set union; nested service languages are monotone; one endpoint has one redundant class count,proofs/arguments.md section 4,frontier reachability/cut extraction,Set-inclusion and class-sum arguments,none,Section IV-C,not applicable,proved_handwritten,"Rechecked against the required-cut definition, nested reachable layer sets, and the retained class-sum identity"
C17,Complete successor images prove universal adequacy while explicit pairs prove existential necessity,proofs/arguments.md section 8,frontier_check exact layers and witness replay,Omitted/fabricated-state and witness controls,frontier campaign,Section V-C,results/observed/controls.json,proved_handwritten; finite_checked,Clean reproduction reruns all mutation controls
C18,Centered sums can cancel raw per-term boundaries; the six-position offset example needs only cut 4,proofs/arguments.md section 2,countcuts/engine.py; countcuts/checker.py,Centering/offset controls and algebraic pilot,fixed-schedule campaign,Section VI-A,results/algebraic_pilot.json; results/observed/controls.json,proved_handwritten; finite_checked,Not counted as an additional measured workload
C19,"Independent exhaustive micro-audit agrees on adequacy, required cuts, witnesses, and earliest failure",proofs/arguments.md sections 3-5; finite exhaustive semantics,countcuts/frontier_audit.py; frontier.py; frontier_check.py,tests/exhaustive_frontier_audit.py; inputs/exhaustive_frontier_audit.json,32 micro-models; 3250 traces; 118 model/candidate pairs; 13644 trace-candidate comparisons; 29 missing-cut negatives; 43007 charged audit obligations,Abstract; Section VII-C; campaign table; supplement,results/observed/exhaustive_frontier_audit.json,finite_checked; independently_reimplemented,Direct queue execution and abstraction keys import neither producer nor checker helpers; zero disagreements
C20,"All 30 manuscript references are cited, emitted, and mapped to a publisher DOI or first-party venue record",not applicable; bibliographic provenance audit,paper/build.py; paper/sync_results.py,artifact/reference_audit.csv; references.bib; LaTeX/BibTeX build,30-entry relevance-first bibliography audit,Related Work / bibliography; paper README,reference_audit.csv; paper/main.bbl generated during build,source_verified; build_checked,"Build requires exact key/year/DOI or first-party-record agreement, no uncited records, and all 30 emitted entries"
C21,"Retained scientific outputs are invariant across ordinary execution, optimized Python, and distinct hash seeds",not applicable; execution robustness and deterministic serialization,"verify.py; explicit production invariants in reproduce.py, controls.py, and frontier_oracle.py",normal reproduction; python -O with PYTHONHASHSEED=17; ordinary reproduction with PYTHONHASHSEED=991; production AST audit,three isolated full finite reproductions plus deterministic comparison,artifact-only reproducibility evidence; not a manuscript performance claim,results/clean_reproduction.json,measured; independently_reexecuted,All three executions compare equal on 82 scientific JSON files and 59 case-table rows; production assert count is zero
C22,The deque-based producer and location/timestamp checker agree on complete fixed-schedule event semantics and query coefficients for all retained fixed cases,fixed class-blind event semantics and affine coefficient construction; proofs/arguments.md sections 2 and 8,countcuts/engine.py; countcuts/checker.py; tests/fixed_interpreter_audit.py,inputs/cases.json fixed family; artifact verify.py isolated execution,51 fixed cases; 35216 event records per interpreter; 107400 coefficient cells,Section VI-A and Section VII-C; artifact-level reliability evidence,tests/fixed_interpreter_audit.py output retained through results/clean_reproduction.json verifier record,finite_checked; independently_reimplemented,Complete event multisets and coefficient matrices agree; within-tick record enumeration order is intentionally ignored because fixed queries aggregate by event/time/queue/token
