name,url,license,access_date,resource_type,acquisition_method,integration_mode,supported_claim,internals_modified
Count-Based Abstractions for Performance Verification of Contention Points,https://www.usenix.org/system/files/nsdi26-seyhani.pdf,Publication rights retained by respective holders; no paper PDF/code redistributed,2026-09-19,scholarly publication,Public full text re-opened in browser; technical scope and 30-entry bibliography inspected; reading scope in literature.csv,Citation and original analysis only,No direct runtime comparison: immutable initial-source histograms and exact locked queries differ from dynamic count windows. Adequate-cut synthesis is not attributed to this source.,no
Buffy: A Formal Language-Based Framework for Network Performance Analysis,https://www.cs.princeton.edu/~dpw/papers/hotnets24.pdf,Publication rights retained by respective holders; no paper PDF/code redistributed,2026-09-15,scholarly publication,Public full text in browser; reading scope in literature.csv,Citation and original analysis only,"Motivates model/representation separation, but does not prove least rank partitions or service-frontier certificates.",no
Solving Computation Slicing Using Predicate Detection,https://personal.utdallas.edu/~neerajm/publications/journals/equivalence.pdf,Publication rights retained by respective holders; no paper PDF/code redistributed,2026-09-15,scholarly publication,Public full text in browser; reading scope in literature.csv,Citation and original analysis only,"Prior property-directed least representations, but their cuts are event-consistency cuts, not class-prefix observations. We cannot claim generic least property-preserving abstraction as new.",no
Retroscope: Retrospective Monitoring of Distributed Systems,https://www.cse.msu.edu/~sandeep/publications/retroscope/main.pdf,Publication rights retained by respective holders; no paper PDF/code redistributed,2026-09-15,scholarly publication,Public full text in browser; reading scope in literature.csv,Citation and original analysis only,Observed-log reconstruction and monitoring are distinct from synthesis from a complete model; no monitoring claim is made here.,no
Detection of Weak Unstable Predicates in Distributed Programs,https://users.ece.utexas.edu/~garg/dist/tpds94-weak.pdf,Publication rights retained by respective holders; no paper PDF/code redistributed,2026-09-15,scholarly publication,Public full text in browser; reading scope in literature.csv,Citation and original analysis only,"Property-specific reduction is established background. Shen and Kshemkalyani TPDS 2014 explicitly use its possible-predicate interval characterization; this is documented technical influence, not an award or citation-count claim.",no
Resettable Encoded Vector Clock for Causality Analysis With an Application to Dynamic Race Detection,https://www.cs.uic.edu/~ajayk/ext/TPDS2021-REVC.pdf,Publication rights retained by respective holders; no paper PDF/code redistributed,2026-09-15,scholarly publication,Public full text in browser; reading scope in literature.csv,Citation and original analysis only,Useful precision-contract pattern; fixed-window accuracy on tested executions is not a general preservation theorem or automatic least-window synthesis.,no
Symbolic Model Checking for Self-Stabilizing Algorithms,https://ir.library.osaka-u.ac.jp/repo/ouka/all/3170/00899941.pdf,Publication rights retained by respective holders; no paper PDF/code redistributed,2026-09-15,scholarly publication,Public full text in browser; reading scope in literature.csv,Citation and original analysis only,"Finite checks are distinct from proofs over arbitrary process counts; our general proof is handwritten, with separate bounded executable validation.",no
Detection of Strong Unstable Predicates in Distributed Programs,https://users.ece.utexas.edu/~garg/dist/tpds96.pdf,Publication rights retained by respective holders; no paper PDF/code redistributed,2026-09-15,scholarly publication,Public full text in browser; reading scope in literature.csv,Citation and original analysis only,"An influential property-specific characterization: Shen and Kshemkalyani TPDS 2014 explicitly build on and repair its hierarchical extension. This documents technical influence, not an award or citation-count claim.",no
Repeated Computation of Global Functions in a Distributed Environment,https://users.ece.utexas.edu/~garg/dist/tpds94-repeated.pdf,Publication rights retained by respective holders; no paper PDF/code redistributed,2026-09-15,scholarly publication,Public full text in browser; reading scope in literature.csv,Citation and original analysis only,Composition and explicit fairness assumptions guide exposition; this is not an abstraction-selection competitor.,no
Non-Asymptotic Delay Bounds for Multi-Server Systems with Synchronization Constraints,https://arxiv.org/pdf/1610.06309,Publication rights retained by respective holders; no paper PDF/code redistributed,2026-09-15,scholarly publication,Public full text in browser; reading scope in literature.csv,Citation and original analysis only,Useful compositional-model and assumption-sensitive validation pattern; probabilistic delay bounds differ from pointwise count equality.,no
The Tiny-Tasks Granularity Trade-Off: Balancing Overhead Versus Performance in Parallel Systems,https://arxiv.org/pdf/2202.11464,Publication rights retained by respective holders; no paper PDF/code redistributed,2026-09-15,scholarly publication,Public full text in browser; reading scope in literature.csv,Citation and original analysis only,Record-count reduction does not establish runtime improvement; empirical systems claims require a separate performance model.,no
Fault Tolerance in Distributed Systems using Fused Data Structures,https://users.ece.utexas.edu/~garg/dist/tpds12.pdf,Publication rights retained by respective holders; no paper PDF/code redistributed,2026-09-15,scholarly publication,Public full text in browser; reading scope in literature.csv,Citation and original analysis only,Minimal representation is not a least element or cheapest implementation. Fault and ordering assumptions delimit the guarantee.,no
Formal Methods for Network Performance Analysis,https://www.usenix.org/system/files/nsdi23-tahmasbi.pdf,Publication rights retained by respective holders; no paper PDF/code redistributed,2026-09-15,scholarly publication,Public full text in browser; reading scope in literature.csv,Citation and original analysis only,"Count-Buffy explicitly reuses FPerf-generated workloads and compares exact encodings in Sections 2 and 6; Buffy and QuASI also build on this line. This is documented technical influence, not an award or citation-count claim. Overlap with adjacent group is intentional.",no
A Layered Formal Methods Approach to Answering Queue-related Queries,https://www.usenix.org/system/files/nsdi25-raghunathan.pdf,Publication rights retained by respective holders; no paper PDF/code redistributed,2026-09-15,scholarly publication,Public full text in browser; reading scope in literature.csv,Citation and original analysis only,"Strong prior query-relative losslessness; our task selects rank cuts with a full contention model, not measurement-consistent hidden traces.",no
Hierarchical Detection of Strong Unstable Conjunctive Predicates in Large-Scale Systems,https://www.cs.uic.edu/~ajayk/ext/TPDS2015a.pdf,Publication rights retained by respective holders; no paper PDF/code redistributed,2026-09-15,scholarly publication,Public full text in browser; reading scope in literature.csv,Citation and original analysis only,"Exact property-specific composition guides the proof narrative. Documents technical influence of the two Garg-Waldecker predicate-detection papers, not awards.",no
Value the Recent Past: Approximate Causal Consistency for Partially Replicated Systems,https://www.cs.uic.edu/~ajayk/ext/TPDS-Jan2018.pdf,Publication rights retained by respective holders; no paper PDF/code redistributed,2026-09-15,scholarly publication,Public full text in browser; reading scope in literature.csv,Citation and original analysis only,Zero observed errors at a finite credit does not establish exact preservation. Our contract requires universal bounded numeric equality.,no
Formal Abstractions for Packet Scheduling,https://arxiv.org/pdf/2211.11659,Publication rights retained by respective holders; no paper PDF/code redistributed,2026-09-15,scholarly publication,Public full text in browser; reading scope in literature.csv,Citation and original analysis only,"Distinguished Paper, OOPSLA 2023, verified on the official SPLASH program. Overlap with adjacent group is intentional: nearest packet semantics and award-backed explanatory calibration.",no
Abstract Interpretation: A Unified Lattice Model for Static Analysis of Programs by Construction or Approximation of Fixpoints,https://www.di.ens.fr/~cousot/COUSOTpapers/publications.www/CousotCousot-POPL-77-ACM-p238--252-1977.pdf,Publication rights retained by respective holders; no paper PDF/code redistributed,2026-09-15,scholarly publication,Public full text in browser; reading scope in literature.csv,Citation and original analysis only,"Technical influence is evidenced by the explicit foundational use in Ranzato-Tapparo. Generic lattices and sound abstraction are background, not our contribution.",no
Generalized Strong Preservation by Abstract Interpretation,https://arxiv.org/html/cs/0401016,Publication rights retained by respective holders; no paper PDF/code redistributed,2026-09-15,scholarly publication,Public full text in browser; reading scope in literature.csv,Citation and original analysis only,Rules out claiming generic strong preservation or minimal refinement as new. Our restriction is the ambient rank-cut family plus queue-specific frontiers.,no
Discernibility Matrix Simplification for Constructing Attribute Reducts,https://www2.cs.uregina.ca/~yyao/PAPERS/is_reduct_construction.pdf,Publication rights retained by respective holders; no paper PDF/code redistributed,2026-09-15,scholarly publication,Public full text in browser; reading scope in literature.csv,Citation and original analysis only,"Hitting-set synthesis, private necessity witnesses and redundant-edge removal are background; only the FIFO realization is developed here.",no
Supplied IEEEtran class and bibliography style,https://template-selector.ieee.org/,LPPL 1.3 or later as stated in supplied files,2026-09-19,publisher template,Supplied project template archive retained byte-for-byte; live selector remained inaccessible,Unmodified paper-side files,Internal journal layout; current selector unavailable,no
TPDS author guide,https://www.computer.org/csdl/journal/td/write-for-us/15085,Website terms; link and access note only,2026-09-19,official workflow source,"Repeated browser open exposed only the tag-manager container, not readable route-specific author terms",Not a manuscript research reference,Current initial-submission rules remain unverified,no
IEEE AI-generated-text author guidance,https://open.ieee.org/author-guidelines-for-artificial-intelligence-ai-generated-text/,Website terms; link and short policy interpretation only,2026-09-19,official workflow source,Readable first-party page re-opened,Truthful substantive-use acknowledgment,External-use disclosure hold; not research evidence,no
OOPSLA distinguished-paper record,https://2023.splashcon.org/details/splash-2023-oopsla/79/Formal-Abstractions-for-Packet-Scheduling,Website terms; metadata only,2026-09-15,official award record,Readable official program,Calibration provenance only,Formal Abstractions for Packet Scheduling distinguished-paper status,no
Self-evolving network verifiers,https://arxiv.org/abs/2608.11340,ArXiv hosted record; not redistributed,2026-09-15,recent scholarly screening,Abstract read; not counted as full paper,Excluded from manuscript bibliography after task comparison,Model growth with agents/router oracles is not least count-cut selection; August 2026 screening,no
Python standard library,https://docs.python.org/3/,PSF License Agreement; runtime not redistributed,2026-09-15,execution dependency,Preinstalled standard library,Unmodified imports,Offline finite execution and JSON handling,no
PGF/TikZ,https://ctan.org/pkg/pgf,Upstream licenses; package not redistributed,2026-09-15,typesetting dependency,Preinstalled TeX distribution,Unmodified imports,Native editable mathematical figures,no
Toward Formally Verifying Congestion Control Behavior,https://dl.acm.org/doi/10.1145/3452296.3472912,Publication rights retained by respective holders; no paper PDF/code redistributed,2026-09-16,scholarly publication,Official publisher or venue record; metadata/abstract and scoped relevance passage inspected,Citation and original scoped comparison only,Establishes nearby formal network analysis; does not synthesize least count cuts for declared departure queries.,no
Network Calculus: A Theory of Deterministic Queuing Systems for the Internet,https://link.springer.com/book/10.1007/3-540-45318-0,Publication rights retained by respective holders; no paper PDF/code redistributed,2026-09-16,scholarly publication,Official publisher or venue record; metadata/abstract and scoped relevance passage inspected,Citation and original scoped comparison only,Clarifies that our rank-cut quotient is distinct from traffic/service-envelope analysis.,no
"A Calculus for Network Delay, Part I: Network Elements in Isolation",https://ieeexplore.ieee.org/document/61109,Publication rights retained by respective holders; no paper PDF/code redistributed,2026-09-16,scholarly publication,Official publisher or venue record; metadata/abstract and scoped relevance passage inspected,Citation and original scoped comparison only,Provides the historical deterministic-queueing comparison without implying theorem overlap.,no
The iSLIP Scheduling Algorithm for Input-Queued Switches,https://ieeexplore.ieee.org/document/769767,Publication rights retained by respective holders; no paper PDF/code redistributed,2026-09-16,scholarly publication,Official publisher or venue record; metadata/abstract and scoped relevance passage inspected,Citation and original scoped comparison only,"Our round-robin motif is a bounded semantic model, not a claim about iSLIP throughput or hardware.",no
Efficient Fair Queuing Using Deficit Round-Robin,https://ieeexplore.ieee.org/document/502236,Publication rights retained by respective holders; no paper PDF/code redistributed,2026-09-16,scholarly publication,Official publisher or venue record; metadata/abstract and scoped relevance passage inspected,Citation and original scoped comparison only,Prevents presenting weighted cyclic arbitration as a new scheduler.,no
Programmable Packet Scheduling at Line Rate,https://dl.acm.org/doi/10.1145/2934872.2934899,Publication rights retained by respective holders; no paper PDF/code redistributed,2026-09-16,scholarly publication,Official publisher or venue record; metadata/abstract and scoped relevance passage inspected,Citation and original scoped comparison only,Defines nearby rank semantics without supplying our frontier cut theorem.,no
SP-PIFO: Approximating Push-In First-Out Behaviors Using Strict-Priority Queues,https://www.usenix.org/conference/nsdi20/presentation/alcoz,Publication rights retained by respective holders; no paper PDF/code redistributed,2026-09-16,scholarly publication,Official publisher or venue record; metadata/abstract and scoped relevance passage inspected,Citation and original scoped comparison only,Useful contrast for approximation versus exact query-relative abstraction.,no
Model Checking and Abstraction,https://dl.acm.org/doi/10.1145/186025.186051,Publication rights retained by respective holders; no paper PDF/code redistributed,2026-09-16,scholarly publication,Official publisher or venue record; metadata/abstract and scoped relevance passage inspected,Citation and original scoped comparison only,Blocks an overbroad novelty claim about property preservation.,no
Abstract Interpretation of Reactive Systems,https://dl.acm.org/doi/10.1145/244795.244800,Publication rights retained by respective holders; no paper PDF/code redistributed,2026-09-16,scholarly publication,Official publisher or venue record; metadata/abstract and scoped relevance passage inspected,Citation and original scoped comparison only,Supports precise attribution of reactive abstraction foundations.,no
Making Abstract Interpretations Complete,https://dl.acm.org/doi/10.1145/333979.333989,Publication rights retained by respective holders; no paper PDF/code redistributed,2026-09-16,scholarly publication,Official publisher or venue record; metadata/abstract and scoped relevance passage inspected,Citation and original scoped comparison only,Prevents claiming generic minimal refinement as novel.,no
Counterexample-Guided Abstraction Refinement for Symbolic Model Checking,https://dl.acm.org/doi/10.1145/876638.876643,Publication rights retained by respective holders; no paper PDF/code redistributed,2026-09-16,scholarly publication,Official publisher or venue record; metadata/abstract and scoped relevance passage inspected,Citation and original scoped comparison only,Clarifies the relation between separating traces and refinement.,no
Lazy Abstraction,https://dl.acm.org/doi/10.1145/503272.503279,Publication rights retained by respective holders; no paper PDF/code redistributed,2026-09-16,scholarly publication,Official publisher or venue record; metadata/abstract and scoped relevance passage inspected,Citation and original scoped comparison only,Avoids presenting locality of refinement as a generic novelty.,no
Three Partition Refinement Algorithms,https://epubs.siam.org/doi/10.1137/0216062,Publication rights retained by respective holders; no paper PDF/code redistributed,2026-09-16,scholarly publication,Official publisher or venue record; metadata/abstract and scoped relevance passage inspected,Citation and original scoped comparison only,Provides the canonical partition-refinement baseline.,no
Affine Relationships Among Variables of a Program,https://link.springer.com/article/10.1007/BF00268497,Publication rights retained by respective holders; no paper PDF/code redistributed,2026-09-16,scholarly publication,Official publisher or venue record; metadata/abstract and scoped relevance passage inspected,Citation and original scoped comparison only,Provides honest historical context for the affine supporting result.,no
Certifying Algorithms,https://www.sciencedirect.com/science/article/pii/S1574013710000560,Publication rights retained by respective holders; no paper PDF/code redistributed,2026-09-16,scholarly publication,Official publisher or venue record; metadata/abstract and scoped relevance passage inspected,Citation and original scoped comparison only,Supports the certificate/checker framing without overstating trust.,no
Abstractions from Proofs,https://dl.acm.org/doi/10.1145/964001.964021,Publication rights retained by respective holders; no paper PDF/code redistributed,2026-09-16,scholarly publication,Official publisher or venue record; metadata/abstract and scoped relevance passage inspected,Citation and original scoped comparison only,Separates proof-derived predicates from service-frontier-derived cuts.,no
Construction of Abstract State Graphs with PVS,https://link.springer.com/chapter/10.1007/3-540-63166-6_10,Publication rights retained by respective holders; no paper PDF/code redistributed,2026-09-16,scholarly publication,Official publisher or venue record; metadata/abstract and scoped relevance passage inspected,Citation and original scoped comparison only,Clarifies that our executable checks are not mechanization.,no
Rough Sets,https://link.springer.com/article/10.1007/BF01001956,Publication rights retained by respective holders; no paper PDF/code redistributed,2026-09-16,scholarly publication,Official publisher or venue record; metadata/abstract and scoped relevance passage inspected,Citation and original scoped comparison only,Prevents claiming general reduct/minimal-feature theory as new.,no
