key,title,authors,publication,year,doi_or_record,full_text,read_scope,calibration_group,motivation_principle,argument_practical_connection,evaluation_artifact,narrative_sections,references,figure_table_roles,closest_work_delta
countbuffy,Count-Based Abstractions for Performance Verification of Contention Points,Amir Seyhani; Aarti Gupta; David Walker; Mina Tahmasbi Arashloo,"USENIX NSDI, pp. 743-760",2026,https://www.usenix.org/conference/nsdi26/presentation/seyhani,https://www.usenix.org/system/files/nsdi26-seyhani.pdf,"Full substantive paper, all 19 PDF pages inspected",adjacent,Buffer model scaling; modular implementations expose a precision/performance tradeoff.,Simulation-style sound overapproximation; controllers and buffer models are separated.,Published benchmark comparisons of buffer models; external implementation not executed here.,"Motivation, language/model, abstractions, composition, evaluation, related work, conclusion; 9 main sections",30,"Queue/window semantics, modular architecture, scaling plots, benchmark tables.",No direct runtime comparison: immutable initial-source histograms and exact locked queries differ from dynamic count windows. Adequate-cut synthesis is not attributed to this source.
buffy,Buffy: A Formal Language-Based Framework for Network Performance Analysis,Amir Seyhani; Junyi Zhao; Aarti Gupta; David Walker; Mina Tahmasbi Arashloo,"ACM HotNets, 8 pages",2024,10.1145/3696348.3696854,https://www.cs.princeton.edu/~dpw/papers/hotnets24.pdf,"All 8 PDF pages, text and figures",adjacent,Express performance models above low-level solver formulas; buffer operations form a reusable language boundary.,Solver-independent modeling with explicit bounded constructs; preliminary manual Dafny translations.,"Fair-queue and congestion-control case studies; code link and source-size comparison, not a completed automated compiler evaluation.","Concrete scheduler, modeling challenges, language, backends, modularity, cases, limits, related work; 9 sections",36,"Syntax and code, backend map, queue composition, timing bars; one source-size table.","Motivates model/representation separation, but does not prove least rank partitions or service-frontier certificates."
slicing,Solving Computation Slicing Using Predicate Detection,Neeraj Mittal; Alper Sen; Vijay K. Garg,IEEE TPDS 18(12):1700-1713,2007,10.1109/TPDS.2007.1077,https://personal.utdallas.edu/~neerajm/publications/journals/equivalence.pdf,"All 14 PDF pages, text and figures; separately hosted appendix not inspected",same-venue,Reduce predicate search by representing the least consistent-cut subcomputation.,Predicate-fixed reductions and online amortized algorithms; debugging provides the operational setting.,Mathematical complexity results and running examples; no new experimental campaign in this article.,"Motivating computation, graph model, slice background, problem equivalence, online algorithms, conclusion; 6 sections",26,Computation/slice/lattice views and nine algorithm or explanatory figures; no performance plot.,"Prior property-directed least representations, but their cuts are event-consistency cuts, not class-prefix observations. We cannot claim generic least property-preserving abstraction as new."
retroscope,Retroscope: Retrospective Monitoring of Distributed Systems,Aleksey Charapko; Ailidani Ailijiang; Murat Demirbas; Sandeep Kulkarni,IEEE TPDS 30(11):2582-2594,2019,10.1109/TPDS.2019.2911944,https://www.cse.msu.edu/~sandeep/publications/retroscope/main.pdf,All 12 pages of author manuscript; final pagination differs,same-venue,Consistent historical-state queries using hybrid clocks and incremental snapshots.,Causal-consistency argument coupled to a query-processing system; explicitly acknowledges incomplete state coverage.,ZooKeeper and Chord cases plus controlled query/cluster sweeps; linked implementation not executed here.,"Clock problem, snapshots, system/query mechanism, cases, performance, limitations, related work; 9 sections",44,"State and pipeline diagrams, query example, case traces, sensitivity plots, one comparison table.",Observed-log reconstruction and monitoring are distinct from synthesis from a complete model; no monitoring claim is made here.
weak,Detection of Weak Unstable Predicates in Distributed Programs,Vijay K. Garg; Brian Waldecker,IEEE TPDS 5(3):299-307,1994,10.1109/71.277788,https://users.ece.utexas.edu/~garg/dist/tpds94-weak.pdf,All 9 PDF pages inspected,same-venue; influential,Detect conjunctions across causally consistent local states.,Incomparability characterization yields centralized and decentralized checking; debugging supplies the use case.,"UTDDB implementation described, without a fresh quantitative benchmark campaign; no upstream execution here.","Motivation, model, characterization, central algorithm, decentralization, implementation, conclusion; 7 sections",25,"Four schedule, timestamp or pseudocode figures.","Property-specific reduction is established background. Shen and Kshemkalyani TPDS 2014 explicitly use its possible-predicate interval characterization; this is documented technical influence, not an award or citation-count claim."
revc,Resettable Encoded Vector Clock for Causality Analysis With an Application to Dynamic Race Detection,Tommaso Pozzetti; Ajay D. Kshemkalyani,IEEE TPDS 32(4):772-785,2021,10.1109/TPDS.2020.3032293,https://www.cs.uic.edu/~ajayk/ext/TPDS2021-REVC.pdf,"All 14 PDF pages, text and figures",same-venue,Control the bit growth of exact causal encodings.,Reset histories retain causal information; bounded frame windows require an explicit comparison contract.,RoadRunner race-detector comparisons on DaCapo/Java Grande subsets; reports out-of-memory results and stronger FastTrack baseline.,"Motivation, related work, model, operations, analysis, application/evaluation, conclusion; 7 sections",38,"Three growth plots, seven algorithms and one broad performance table.",Useful precision-contract pattern; fixed-window accuracy on tested executions is not a general preservation theorem or automatic least-window synthesis.
stabilizing,Symbolic Model Checking for Self-Stabilizing Algorithms,Tatsuhiro Tsuchiya; Shin’ichi Nagano; Rohayu Bt Paidi; Tohru Kikuno,IEEE TPDS 12(1):81-95,2001,10.1109/71.899941,https://ir.library.osaka-u.ac.jp/repo/ouka/all/3170/00899941.pdf,"All 16 PDF pages, including repository cover and final biography page",same-venue,Check convergence and closure from all finite initial states.,CTL encodings exploit symbolic state representation; fairness and daemon assumptions are explicit.,"Several mutual-exclusion, leader-election and orientation cases, a corrected counterexample, SMV/SPIN comparison and timeouts; no upstream tool run here.","Problem, model, symbolic checking, encoding, cases, comparison, conclusion; 7 sections",27,"Thirteen topology, code or counterexample figures and six verification/performance tables.","Finite checks are distinct from proofs over arbitrary process counts; our general proof is handwritten, with separate bounded executable validation."
strong,Detection of Strong Unstable Predicates in Distributed Programs,Vijay K. Garg; Brian Waldecker,IEEE TPDS 7(12):1323-1333,1996,10.1109/71.553309,https://users.ece.utexas.edu/~garg/dist/tpds96.pdf,All 20 author-manuscript PDF pages inspected,same-venue; influential,Characterize a predicate that must hold in every consistent observation.,Linked predicates and overlapping true intervals yield necessity and sufficiency; central and hierarchical detection.,"Debugging implementation described, without a quantitative systems campaign; no upstream execution.","Problem, formal model, linked predicates, conjunctions, algorithms, implementation, conclusion; 7 sections",25,Eight execution and algorithm figures.,"An influential property-specific characterization: Shen and Kshemkalyani TPDS 2014 explicitly build on and repair its hierarchical extension. This documents technical influence, not an award or citation-count claim."
repeated,Repeated Computation of Global Functions in a Distributed Environment,Vijay K. Garg; Joydeep Ghosh,IEEE TPDS 5(8):823-834,1994,https://users.ece.utexas.edu/~garg/dist/refs.bib,https://users.ece.utexas.edu/~garg/dist/tpds94-repeated.pdf,All 13 PDF pages inspected,same-venue,Repeatedly compute a global function without restarting a central gather.,Revolving hierarchies provide fair permutations and composition; analytic message/time arguments.,Branch-and-bound and fixed-point applications explained; no fresh quantitative campaign.,"Motivation, model, hierarchy, construction, properties, algorithms, applications, conclusion; 8 coherent sections",21,"Seven hierarchy, schedule and pseudocode figures.",Composition and explicit fairness assumptions guide exposition; this is not an abstraction-selection competitor.
multiserver,Non-Asymptotic Delay Bounds for Multi-Server Systems with Synchronization Constraints,Markus Fidler; Brenton Walker; Yuming Jiang,IEEE TPDS 29(7):1545-1559,2018,10.1109/TPDS.2017.2779872,https://arxiv.org/pdf/1610.06309,All 16 pages of the 2016 author preprint; final journal pagination verified separately,same-venue,Bound delay when parallel tasks synchronize and resequence.,Max-plus representations and exponential-moment bounds distinguish several server organizations.,Spark experiments and Forkulator simulations; uncertainty and overhead assumptions reported; no upstream execution.,"Motivation, max-plus model, fork-join, parallelization, multi-stage systems, conclusion; 6 main sections plus appendices",45,"Twelve architecture, bound and experiment figures.",Useful compositional-model and assumption-sensitive validation pattern; probabilistic delay bounds differ from pointwise count equality.
tiny,The Tiny-Tasks Granularity Trade-Off: Balancing Overhead Versus Performance in Parallel Systems,Stefan Bora; Brenton Walker; Markus Fidler,IEEE TPDS 34(4):1128-1144,2023,10.1109/TPDS.2022.3233712,https://arxiv.org/pdf/2202.11464,All 14 pages of the 2022 author preprint; journal record verified separately,same-venue,Find task granularity that trades load balancing against overhead.,Queueing bounds plus an explicitly heuristic overhead model; distinguish exact guarantees from approximations.,Spark and Forkulator; parameters fitted and data-fetching scope excluded; no upstream execution.,"Problem, model, experiments, analysis, overhead, resequencing, conclusion; 7 sections",39,Thirteen model/measurement figures and a parameter table.,Record-count reduction does not establish runtime improvement; empirical systems claims require a separate performance model.
fused,Fault Tolerance in Distributed Systems using Fused Data Structures,Bharath Balasubramanian; Vijay K. Garg,IEEE TPDS 24(4):701-715,2013,10.1109/TPDS.2012.96,https://users.ece.utexas.edu/~garg/dist/tpds12.pdf,All 16 author-manuscript pages including appendices; 2013 issue distinguished from 2012 early publication,same-venue,Reduce replicated backup state while retaining recoverability.,"Coded data plus index structure, minimality in a declared order, separate update and recovery costs.",Java structures compared with replication and coding variants on one machine; five-run means; no upstream execution.,"Problem, background, fusion, maintenance, extension, recovery, bounds, evaluation, conclusion; 9 main sections",28,"Ten structure, algorithm and performance figures; one comparison table.",Minimal representation is not a least element or cheapest implementation. Fault and ordering assumptions delimit the guarantee.
fperf,Formal Methods for Network Performance Analysis,Mina Tahmasbi Arashloo; Ryan Beckett; Rachit Agarwal,"USENIX NSDI, pp.645-661",2023,https://www.usenix.org/conference/nsdi23/presentation/tahmasbi,https://www.usenix.org/system/files/nsdi23-tahmasbi.pdf,All 19 PDF pages including cover and final blank page,adjacent; influential,Find explainable traffic patterns for scheduler performance questions.,Bounded FIFO composition and exact SMT queries support syntax-guided workload synthesis.,"Six scheduling/composition cases, ten-run means and bounded scaling; no upstream execution.","Motivation, overview, model, queries, synthesis, implementation, applications, evaluation, discussion, related work, conclusion; 11 sections",67,"Ten model, query, example and scaling figures; appendices hold additional details.","Count-Buffy explicitly reuses FPerf-generated workloads and compares exact encodings in Sections 2 and 6; Buffy and QuASI also build on this line. This is documented technical influence, not an award or citation-count claim. Overlap with adjacent group is intentional."
quasi,A Layered Formal Methods Approach to Answering Queue-related Queries,Divya Raghunathan; Maria Apostolaki; Aarti Gupta,"USENIX NSDI, pp.1289-1304",2025,https://www.usenix.org/conference/nsdi25/presentation/raghunathan,https://www.usenix.org/system/files/nsdi25-raghunathan.pdf,All 17 PDF pages including cover and appendices,adjacent,Answer queue queries consistent with coarse per-port observations.,Lossless enqueue-rate abstraction for origin-insensitive queries; sound filters and an exact SMT layer with a balanced representative.,Simulated traces and bounded FPerf comparison with explicit omitted-information differences; no upstream execution.,"Motivation, overview, model, abstraction, layers, evaluation, related work, conclusion; 8 main sections",26,"Twelve model, trace and scaling figures, two algorithms and three appendices.","Strong prior query-relative losslessness; our task selects rank cuts with a full contention model, not measurement-consistent hidden traces."
hierarchical,Hierarchical Detection of Strong Unstable Conjunctive Predicates in Large-Scale Systems,Min Shen; Ajay D. Kshemkalyani,IEEE TPDS 25(11):2899-2908,2014,10.1109/TPDS.2013.306,https://www.cs.uic.edu/~ajayk/ext/TPDS2015a.pdf,"All 10 article pages, including diagrams and references; separate complexity supplement not read",same-venue,Scale exact global conjunction detection with a bounded-degree hierarchy.,"Compositional interval characterization, safe pruning and progress; repairs an earlier hierarchical limitation.","Analytic complexity comparison, not a fresh deployment campaign. Failure recovery has explicit communication assumptions.","Motivation, background, algorithm, extensions, conclusion; 5 main sections",24,"Six execution/algorithm illustrations, two algorithms and a complexity table.","Exact property-specific composition guides the proof narrative. Documents technical influence of the two Garg-Waldecker predicate-detection papers, not awards."
approxcausal,Value the Recent Past: Approximate Causal Consistency for Partially Replicated Systems,Ta-Yuan Hsu; Ajay D. Kshemkalyani,IEEE TPDS 29(1):212-225,2018,10.1109/TPDS.2017.2740174,https://www.cs.uic.edu/~ajayk/ext/TPDS-Jan2018.pdf,"All 14 article pages, including evaluation tables and figures",same-venue,Trade old causal metadata against consistency precision.,Credit expiration approximates causality; infinite credits recover the exact protocol.,"Controlled TCP process simulation, three repeated event schedules and parameter sweeps; no upstream execution.","Motivation, background, model, exact method, approximation, variants, analysis, evaluation, conclusion; 9 sections",30,"Twelve illustrations/plots, two algorithms and seven tables.",Zero observed errors at a finite credit does not establish exact preservation. Our contract requires universal bounded numeric equality.
formalpacket,Formal Abstractions for Packet Scheduling,Anshuman Mohan; Yunhe Liu; Nate Foster; Tobias Kappé; Dexter Kozen,"PACMPL 7(OOPSLA2), Article 269",2023,10.1145/3622845,https://arxiv.org/pdf/2211.11659,All 26 pages of the public author article; separately referenced extended proofs not inspected,adjacent; influential-award,Specify and compare hierarchical packet scheduling independent of a particular switch.,"PIFO-tree topology, simulation and embeddings yield expressiveness and compilation guarantees.",OCaml simulation and hardware-trace comparison; explicit batching differences; no upstream execution.,"Motivation, trees, semantics, expressiveness, simulation, embeddings, compilation, evaluation, related work; 9 core sections plus availability",unnumbered bibliography,Five formal diagrams and three visual evaluation tables.,"Distinguished Paper, OOPSLA 2023, verified on the official SPLASH program. Overlap with adjacent group is intentional: nearest packet semantics and award-backed explanatory calibration."
cousot,Abstract Interpretation: A Unified Lattice Model for Static Analysis of Programs by Construction or Approximation of Fixpoints,Patrick Cousot; Radhia Cousot,"ACM POPL, pp.238-252",1977,https://www.di.ens.fr/~cousot/COUSOTpapers/POPL77.shtml,https://www.di.ens.fr/~cousot/COUSOTpapers/publications.www/CousotCousot-POPL-77-ACM-p238--252-1977.pdf,All 16 PDF pages including cover; scanned mathematical pages inspected visually,influential,Unify program analyses by ordered semantic approximations.,"Lattice maps, correctness and fixed-point approximation with widening and narrowing.","Worked sign, interval, dataflow and performance examples; no empirical benchmark claim.","Introduction through semantic model, consistency, lattice, evaluation, approximation, conclusion and proof appendix; 10 substantive main sections",unnumbered bibliography,Lattice and control-flow diagrams clarify exact versus approximate steps.,"Technical influence is evidenced by the explicit foundational use in Ranzato-Tapparo. Generic lattices and sound abstraction are background, not our contribution."
strongpres,Generalized Strong Preservation by Abstract Interpretation,Francesco Ranzato; Francesco Tapparo,Journal of Logic and Computation 17(1):157-197,2007,10.1093/logcom/exl035,https://arxiv.org/html/cs/0401016,"Focused reading: introduction, abstract-domain definitions, Theorem 5.8, complete-shell characterization and conclusion; not counted as a full calibration paper",closest-work focused,Characterize language-preserving abstract domains and minimal refinement.,Most abstract strongly preserving domains and complete shells already give a generic solution.,Mathematical argument with language examples; no upstream execution.,"Generic semantics, preservation, completeness, behavioural equivalences",not counted,Not used as a layout sample.,Rules out claiming generic strong preservation or minimal refinement as new. Our restriction is the ambient rank-cut family plus queue-specific frontiers.
discern,Discernibility Matrix Simplification for Constructing Attribute Reducts,Yiyu Yao; Yan Zhao,Information Sciences 179(7):867-882,2009,10.1016/j.ins.2008.11.020,https://www2.cs.uregina.ca/~yyao/PAPERS/is_reduct_construction.pdf,"Focused reading: introduction, reduct characterization and matrix simplification; not a full calibration paper",closest-work focused,Retain the attributes needed to distinguish relevant object pairs.,"Discernibility constraints, minimal reducts and deletion procedures are established.",Worked matrices; no upstream execution.,Not used as a layout sample,not counted,Not used as a layout sample.,"Hitting-set synthesis, private necessity witnesses and redundant-edge removal are background; only the FIFO realization is developed here."
ccac,Toward Formally Verifying Congestion Control Behavior,Venkat Arun; Mina Tahmasbi Arashloo; Ahmed Saeed; Mohammad Alizadeh; Hari Balakrishnan,"ACM SIGCOMM, pp.1-16",2021,10.1145/3452296.3472912,https://dl.acm.org/doi/10.1145/3452296.3472912,Official ACM record and abstract plus targeted method passage; not counted as a full calibration read,adjacent focused,Formally reason about congestion-control behavior under a path model.,"First-order constraints and automated reasoning target controller behavior, not query-relative packet-order quotients.",Published systems/formal-method evaluation; no upstream execution here.,Focused comparison only,not counted,Not used as a layout sample.,Establishes nearby formal network analysis; does not synthesize least count cuts for declared departure queries.
networkcalculus,Network Calculus: A Theory of Deterministic Queuing Systems for the Internet,Jean-Yves Le Boudec; Patrick Thiran,Springer LNCS 2050,2001,10.1007/3-540-45318-0,https://link.springer.com/book/10.1007/3-540-45318-0,Official Springer record and overview inspected; not counted as a full calibration read,foundational focused,Derive deterministic backlog and delay properties from arrival/service envelopes.,Min-plus system theory reasons about envelopes and bounds rather than exact query-relative order retention.,Foundational theory and examples; no code executed.,Focused comparison only,not counted,Not used as a layout sample.,Clarifies that our rank-cut quotient is distinct from traffic/service-envelope analysis.
cruz,"A Calculus for Network Delay, Part I: Network Elements in Isolation",René L. Cruz,IEEE Transactions on Information Theory 37(1):114-131,1991,10.1109/18.61109,https://ieeexplore.ieee.org/document/61109,Official IEEE bibliographic record and abstract inspected; not counted as a full calibration read,foundational focused,Bound network delay from deterministic traffic constraints.,Analytic delay bounds do not choose a quotient preserving selected class-count answers.,Foundational analytic work; no upstream execution.,Focused comparison only,not counted,Not used as a layout sample.,Provides the historical deterministic-queueing comparison without implying theorem overlap.
islip,The iSLIP Scheduling Algorithm for Input-Queued Switches,Nick McKeown,IEEE/ACM Transactions on Networking 7(2):188-201,1999,10.1109/90.769767,https://ieeexplore.ieee.org/document/769767,Official IEEE record and abstract inspected; not counted as a full calibration read,scheduler focused,Schedule virtual output queues with iterative round-robin matching.,A concrete scheduler design motivates arbitration semantics but does not solve abstraction selection.,Simulation and implementation discussion in the source; not reproduced.,Focused comparison only,not counted,Not used as a layout sample.,"Our round-robin motif is a bounded semantic model, not a claim about iSLIP throughput or hardware."
drr,Efficient Fair Queuing Using Deficit Round-Robin,M. Shreedhar; George Varghese,IEEE/ACM Transactions on Networking 4(3):375-385,1996,10.1109/90.502236,https://ieeexplore.ieee.org/document/502236,Official IEEE record and abstract inspected; not counted as a full calibration read,scheduler focused,Approximate fair queuing efficiently with deficit counters and cyclic service.,Weighted cyclic service is a semantic case here; implementation fairness and complexity are outside scope.,Algorithmic and performance analysis in the source; not reproduced.,Focused comparison only,not counted,Not used as a layout sample.,Prevents presenting weighted cyclic arbitration as a new scheduler.
pifo,Programmable Packet Scheduling at Line Rate,Anirudh Sivaraman et al.,"ACM SIGCOMM, pp.44-57",2016,10.1145/2934872.2934899,https://dl.acm.org/doi/10.1145/2934872.2934899,"Official ACM record, author list and abstract inspected; not counted as a full calibration read",adjacent focused,Express packet scheduling through rank-based PIFO primitives.,Scheduler expressiveness/implementation differs from exact retention of selected query observations.,Hardware-oriented design and evaluation in source; no upstream execution.,Focused comparison only,not counted,Not used as a layout sample.,Defines nearby rank semantics without supplying our frontier cut theorem.
sppifo,SP-PIFO: Approximating Push-In First-Out Behaviors Using Strict-Priority Queues,Albert Gran Alcoz; Alexander Dietmüller; Laurent Vanbever,"USENIX NSDI, pp.59-76",2020,USENIX record 246510,https://www.usenix.org/conference/nsdi20/presentation/alcoz,"Official USENIX page, abstract and BibTeX inspected; not counted as a full calibration read",adjacent focused,Approximate PIFO behavior using available strict-priority queues.,Approximation of a target scheduler is distinct from exact query preservation under a supplied model.,P4 implementation and workload evaluation in source; not run here.,Focused comparison only,not counted,Not used as a layout sample.,Useful contrast for approximation versus exact query-relative abstraction.
modelcheckingabstraction,Model Checking and Abstraction,Edmund M. Clarke; Orna Grumberg; David E. Long,ACM TOPLAS 16(5):1512-1542,1994,10.1145/186025.186051,https://dl.acm.org/doi/10.1145/186025.186051,Official ACM bibliographic record and abstract inspected; not counted as a full calibration read,foundational focused,Preserve temporal properties through abstract transition systems.,Generic property-preserving abstraction is background; the queue-specific direct cut formula is the contribution.,Formal algorithms and examples in source; no execution.,Focused comparison only,not counted,Not used as a layout sample.,Blocks an overbroad novelty claim about property preservation.
abstractreactive,Abstract Interpretation of Reactive Systems,Dennis Dams; Rob Gerth; Orna Grumberg,ACM TOPLAS 19(2):253-291,1997,10.1145/244795.244800,https://dl.acm.org/doi/10.1145/244795.244800,Official ACM bibliographic record and abstract inspected; not counted as a full calibration read,foundational focused,Apply abstract interpretation to reactive-system verification.,General abstract transition semantics precede our bounded queue specialization.,Formal theory and examples; no upstream execution.,Focused comparison only,not counted,Not used as a layout sample.,Supports precise attribution of reactive abstraction foundations.
completedomains,Making Abstract Interpretations Complete,Roberto Giacobazzi; Francesco Ranzato; Francesca Scozzari,Journal of the ACM 47(2):361-416,2000,10.1145/333979.333989,https://dl.acm.org/doi/10.1145/333979.333989,Official ACM record and targeted completeness description inspected; not counted as a full calibration read,closest-work focused,Characterize refinements and complete abstract domains.,Generic completeness/refinement is established; our result identifies an explicit least cut set only in a queue fragment.,Mathematical theory; no empirical execution.,Focused comparison only,not counted,Not used as a layout sample.,Prevents claiming generic minimal refinement as novel.
cegar,Counterexample-Guided Abstraction Refinement for Symbolic Model Checking,Edmund M. Clarke; Orna Grumberg; Somesh Jha; Yuan Lu; Helmut Veith,Journal of the ACM 50(5):752-794,2003,10.1145/876638.876643,https://dl.acm.org/doi/10.1145/876638.876643,Official ACM bibliographic record and abstract inspected; not counted as a full calibration read,foundational focused,Refine abstractions using spurious counterexamples.,Our witnesses certify necessity after direct synthesis; they are not a generic CEGAR loop.,Formal algorithm and case studies in source; not reproduced.,Focused comparison only,not counted,Not used as a layout sample.,Clarifies the relation between separating traces and refinement.
lazy,Lazy Abstraction,Thomas A. Henzinger; Ranjit Jhala; Rupak Majumdar; Grégoire Sutre,"ACM POPL, pp.58-70",2002,10.1145/503272.503279,https://dl.acm.org/doi/10.1145/503272.503279,Official ACM bibliographic record and abstract inspected; not counted as a full calibration read,foundational focused,Refine abstractions locally along explored program paths.,Local refinement is prior art; the present locality is a queue theorem yielding adjacent-swap witnesses.,Algorithm and software examples in source; no upstream execution.,Focused comparison only,not counted,Not used as a layout sample.,Avoids presenting locality of refinement as a generic novelty.
paigetarjan,Three Partition Refinement Algorithms,Robert Paige; Robert E. Tarjan,SIAM Journal on Computing 16(6):973-989,1987,10.1137/0216062,https://epubs.siam.org/doi/10.1137/0216062,Official SIAM bibliographic record and abstract inspected; not counted as a full calibration read,foundational focused,Compute canonical stable partitions efficiently.,Our ambient rank-cut family is not a generic bisimulation quotient; it admits a direct cut formula under special semantics.,Algorithmic complexity analysis; no implementation reused.,Focused comparison only,not counted,Not used as a layout sample.,Provides the canonical partition-refinement baseline.
karr,Affine Relationships Among Variables of a Program,Michael Karr,Acta Informatica 6:133-151,1976,10.1007/BF00268497,https://link.springer.com/article/10.1007/BF00268497,Official Springer record and abstract inspected; not counted as a full calibration read,foundational focused,Compute exact affine invariants at program points.,"The fixed-schedule component is affine and query-relative, not a new general affine analysis.",Mathematical algorithm and examples; no upstream execution.,Focused comparison only,not counted,Not used as a layout sample.,Provides honest historical context for the affine supporting result.
certifying,Certifying Algorithms,Ross M. McConnell; Kurt Mehlhorn; Stefan Näher; Pascal Schweitzer,Computer Science Review 5(2):119-161,2011,10.1016/j.cosrev.2010.09.009,https://www.sciencedirect.com/science/article/pii/S1574013710000560,Official publisher metadata and abstract inspected; not counted as a full calibration read,method focused,Return outputs together with efficiently checkable witnesses.,Our replay checker follows this discipline but is not formally verified.,Survey and examples; no code reused.,Focused comparison only,not counted,Not used as a layout sample.,Supports the certificate/checker framing without overstating trust.
abstractionsproofs,Abstractions from Proofs,Thomas A. Henzinger; Ranjit Jhala; Rupak Majumdar; Kenneth L. McMillan,"ACM POPL, pp.232-244",2004,10.1145/964001.964021,https://dl.acm.org/doi/10.1145/964001.964021,Official ACM record and abstract inspected; not counted as a full calibration read,method focused,Derive abstractions from proofs of infeasibility.,Our method derives rank cuts from exact reachability rather than interpolants or proof objects.,Formal method and experiments in source; not reproduced.,Focused comparison only,not counted,Not used as a layout sample.,Separates proof-derived predicates from service-frontier-derived cuts.
grafsaidi,Construction of Abstract State Graphs with PVS,Susanne Graf; Hassen Saïdi,"CAV 1997, LNCS 1254, pp.72-83",1997,10.1007/3-540-63166-6_10,https://link.springer.com/chapter/10.1007/3-540-63166-6_10,Official Springer page and abstract inspected; not counted as a full calibration read,method focused,Use theorem proving to construct abstract state graphs.,Our color-free graph is explicit finite reachability and is not theorem-prover generated.,Formal method examples; no PVS execution.,Focused comparison only,not counted,Not used as a layout sample.,Clarifies that our executable checks are not mechanization.
pawlak,Rough Sets,Zdzisław Pawlak,International Journal of Computer & Information Sciences 11(5):341-356,1982,10.1007/BF01001956,https://link.springer.com/article/10.1007/BF01001956,Official Springer record and bibliographic metadata inspected; not counted as a full calibration read,foundational focused,Approximate concepts through indiscernibility relations and reducts.,Discernibility-based feature retention is established background for arbitrary support.,Foundational theory; no computation reused.,Focused comparison only,not counted,Not used as a layout sample.,Prevents claiming general reduct/minimal-feature theory as new.
