key,title,authors,venue,year,identifier_type,identifier_or_official_record,verification_date,verification_status,manuscript_role
countbuffy,Count-Based Abstractions for Performance Verification of Contention Points,Amir Seyhani; Aarti Gupta; David Walker; Mina Tahmasbi Arashloo,USENIX NSDI,2026,official_record,https://www.usenix.org/conference/nsdi26/presentation/seyhani,2026-09-16,verified_against_publisher_or_first_party_record,closest contention-point count abstraction and novelty boundary
buffy,Buffy: A Formal Language-Based Framework for Network Performance Analysis,Amir Seyhani; Junyi Zhao; Aarti Gupta; David Walker; Mina Tahmasbi Arashloo,ACM HotNets,2024,doi,10.1145/3696348.3696854,2026-09-16,verified_against_publisher_or_first_party_record,formal language and modular network-performance modeling
fperf,Formal Methods for Network Performance Analysis,Mina Tahmasbi Arashloo; Ryan Beckett; Rachit Agarwal,USENIX NSDI,2023,official_record,https://www.usenix.org/conference/nsdi23/presentation/tahmasbi,2026-09-16,verified_against_publisher_or_first_party_record,bounded performance-query synthesis and contention-point semantics
quasi,A Layered Formal Methods Approach to Answering Queue-Related Queries,Divya Raghunathan; Maria Apostolaki; Aarti Gupta,USENIX NSDI,2025,official_record,https://www.usenix.org/conference/nsdi25/presentation/raghunathan,2026-09-16,verified_against_publisher_or_first_party_record,queue-query abstraction and exact layered reasoning
formalpacket,Formal Abstractions for Packet Scheduling,Anshuman Mohan; Yunhe Liu; Nate Foster; Tobias Kappé; Dexter Kozen,Proc. ACM Program. Lang. OOPSLA2,2023,doi,10.1145/3622845,2026-09-16,verified_against_publisher_or_first_party_record,formal scheduler semantics and embeddings; PACMPL Article 269 with continuous pages 1338--1362
ccac,Toward Formally Verifying Congestion Control Behavior,Venkat Arun; Mina Tahmasbi Arashloo; Ahmed Saeed; Mohammad Alizadeh; Hari Balakrishnan,ACM SIGCOMM,2021,doi,10.1145/3452296.3472912,2026-09-16,verified_against_publisher_or_first_party_record,formal congestion-control path modeling
networkcalculus,Network Calculus: A Theory of Deterministic Queuing Systems for the Internet,Jean-Yves Le Boudec; Patrick Thiran,Springer LNCS 2050,2001,doi,10.1007/3-540-45318-0,2026-09-16,verified_against_publisher_or_first_party_record,deterministic traffic/service envelope background
cruz,"A Calculus for Network Delay, Part I: Network Elements in Isolation",René L. Cruz,IEEE Transactions on Information Theory,1991,doi,10.1109/18.61109,2026-09-16,verified_against_publisher_or_first_party_record,foundational deterministic network delay calculus
islip,The iSLIP Scheduling Algorithm for Input-Queued Switches,Nick McKeown,IEEE/ACM Transactions on Networking,1999,doi,10.1109/90.769767,2026-09-16,verified_against_publisher_or_first_party_record,concrete class-blind switch scheduling motif
drr,Efficient Fair Queuing Using Deficit Round-Robin,M. Shreedhar; George Varghese,IEEE/ACM Transactions on Networking,1996,doi,10.1109/90.502236,2026-09-16,verified_against_publisher_or_first_party_record,concrete cyclic fair-queue scheduling motif
pifo,Programmable Packet Scheduling at Line Rate,Anirudh Sivaraman; Suvinay Subramanian; Mohammad Alizadeh; Sharad Chole; Shang-Tse Chuang; Anurag Agrawal; Hari Balakrishnan; Tom Edsall; Sachin Katti; Nick McKeown,ACM SIGCOMM,2016,doi,10.1145/2934872.2934899,2026-09-16,verified_against_publisher_or_first_party_record,programmable rank-based scheduling
sppifo,SP-PIFO: Approximating Push-In First-Out Behaviors Using Strict-Priority Queues,Albert Gran Alcoz; Alexander Dietmüller; Laurent Vanbever,USENIX NSDI,2020,official_record,https://www.usenix.org/conference/nsdi20/presentation/alcoz,2026-09-16,verified_against_publisher_or_first_party_record,implementable approximation of programmable scheduling
cousot,Abstract Interpretation: A Unified Lattice Model for Static Analysis of Programs by Construction or Approximation of Fixpoints,Patrick Cousot; Radhia Cousot,ACM POPL,1977,doi,10.1145/512950.512973,2026-09-16,verified_against_publisher_or_first_party_record,ordered abstractions and sound approximation
modelcheckingabstraction,Model Checking and Abstraction,Edmund M. Clarke; Orna Grumberg; David E. Long,ACM TOPLAS,1994,doi,10.1145/186025.186051,2026-09-16,verified_against_publisher_or_first_party_record,property-preserving model-checking abstraction
abstractreactive,Abstract Interpretation of Reactive Systems,Dennis Dams; Rob Gerth; Orna Grumberg,ACM TOPLAS,1997,doi,10.1145/244795.244800,2026-09-16,verified_against_publisher_or_first_party_record,abstract semantics for reactive systems
completedomains,Making Abstract Interpretations Complete,Roberto Giacobazzi; Francesco Ranzato; Francesca Scozzari,Journal of the ACM,2000,doi,10.1145/333979.333989,2026-09-16,verified_against_publisher_or_first_party_record,complete abstract domains
cegar,Counterexample-Guided Abstraction Refinement for Symbolic Model Checking,Edmund M. Clarke; Orna Grumberg; Somesh Jha; Yuan Lu; Helmut Veith,Journal of the ACM,2003,doi,10.1145/876638.876643,2026-09-16,verified_against_publisher_or_first_party_record,counterexample-guided refinement
lazy,Lazy Abstraction,Thomas A. Henzinger; Ranjit Jhala; Rupak Majumdar; Grégoire Sutre,ACM POPL,2002,doi,10.1145/503272.503279,2026-09-16,verified_against_publisher_or_first_party_record,on-demand abstraction refinement
strongpres,Generalized Strong Preservation by Abstract Interpretation,Francesco Ranzato; Francesco Tapparo,Journal of Logic and Computation,2007,doi,10.1093/logcom/exl035,2026-09-16,verified_against_publisher_or_first_party_record,most-abstract language-preserving domains
paigetarjan,Three Partition Refinement Algorithms,Robert Paige; Robert E. Tarjan,SIAM Journal on Computing,1987,doi,10.1137/0216062,2026-09-16,verified_against_publisher_or_first_party_record,coarsest stable partition algorithms
karr,Affine Relationships Among Variables of a Program,Michael Karr,Acta Informatica,1976,doi,10.1007/BF00268497,2026-09-16,verified_against_publisher_or_first_party_record,exact affine-invariant precedent
certifying,Certifying Algorithms,Ross M. McConnell; Kurt Mehlhorn; Stefan Näher; Pascal Schweitzer,Computer Science Review,2011,doi,10.1016/j.cosrev.2010.09.009,2026-09-16,verified_against_publisher_or_first_party_record,producer/checker separation and output certificates
abstractionsproofs,Abstractions from Proofs,Thomas A. Henzinger; Ranjit Jhala; Rupak Majumdar; Kenneth L. McMillan,ACM POPL,2004,doi,10.1145/964001.964021,2026-09-16,verified_against_publisher_or_first_party_record,proof-derived abstraction refinement
grafsaidi,Construction of Abstract State Graphs with PVS,Susanne Graf; Hassen Saïdi,"CAV, LNCS 1254",1997,doi,10.1007/3-540-63166-6_10,2026-09-16,verified_against_publisher_or_first_party_record,theorem-prover-assisted abstract state construction
pawlak,Rough Sets,Zdzisław Pawlak,International Journal of Computer and Information Sciences,1982,doi,10.1007/BF01001956,2026-09-16,verified_against_publisher_or_first_party_record,attribute reduct and rough-set background
discern,Discernibility Matrix Simplification for Constructing Attribute Reducts,Yiyu Yao; Yan Zhao,Information Sciences,2009,doi,10.1016/j.ins.2008.11.020,2026-09-16,verified_against_publisher_or_first_party_record,pairwise discernibility and minimal reducts
slicing,Solving Computation Slicing Using Predicate Detection,Neeraj Mittal; Alper Sen; Vijay K. Garg,IEEE Transactions on Parallel and Distributed Systems,2007,doi,10.1109/TPDS.2007.1077,2026-09-16,verified_against_publisher_or_first_party_record,property-directed distributed-computation slicing
weak,Detection of Weak Unstable Predicates in Distributed Programs,Vijay K. Garg; Brian Waldecker,IEEE Transactions on Parallel and Distributed Systems,1994,doi,10.1109/71.277788,2026-09-16,verified_against_publisher_or_first_party_record,weak distributed predicate detection
strong,Detection of Strong Unstable Predicates in Distributed Programs,Vijay K. Garg; Brian Waldecker,IEEE Transactions on Parallel and Distributed Systems,1996,doi,10.1109/71.553309,2026-09-16,verified_against_publisher_or_first_party_record,strong distributed predicate detection
hierarchical,Hierarchical Detection of Strong Unstable Conjunctive Predicates in Large-Scale Systems,Min Shen; Ajay D. Kshemkalyani,IEEE Transactions on Parallel and Distributed Systems,2014,doi,10.1109/TPDS.2013.306,2026-09-16,verified_against_publisher_or_first_party_record,hierarchical strong-predicate detection
