family,case,tokens,classes,horizon,queries,library_elements,status,required_cuts,producer_states,producer_transitions,least_blocks,common_uniform_blocks,source_uniform_blocks,certificate_bytes,producer_cpu_ns,checker_cpu_ns,obligations
fixed,tiny-00,4,3,5,6,4,adequate,1,,,3,4,3,460,0,3997544,353
fixed,tiny-01,4,2,5,6,4,adequate,1,,,3,4,3,424,0,0,93
fixed,tiny-02,4,2,5,6,4,adequate,1,,,3,4,3,424,0,0,93
fixed,tiny-03,4,3,5,6,4,adequate,1,,,3,4,3,460,0,0,353
fixed,tiny-04,4,2,5,6,4,adequate,1,,,3,4,3,424,0,0,93
fixed,tiny-05,4,2,5,6,4,adequate,2,,,4,4,4,581,0,0,103
fixed,tiny-06,4,3,5,6,4,adequate,1,,,3,4,3,460,0,0,353
fixed,tiny-07,4,2,5,6,4,adequate,2,,,4,4,4,581,0,0,103
fixed,tiny-08,4,2,5,6,4,adequate,1,,,3,4,3,424,0,0,93
fixed,tiny-09,4,3,5,6,4,adequate,2,,,4,4,4,629,0,0,363
fixed,tiny-10,4,2,5,6,4,adequate,1,,,3,4,3,424,0,0,93
fixed,tiny-11,4,2,5,6,4,adequate,2,,,4,4,4,581,0,0,103
fixed,tiny-00-hist,4,3,5,6,4,adequate,1,,,3,4,3,465,0,0,45
fixed,tiny-01-hist,4,2,5,6,4,adequate,1,,,3,4,3,429,0,0,45
fixed,tiny-02-hist,4,2,5,6,4,adequate,1,,,3,4,3,429,0,0,45
fixed,tiny-03-hist,4,3,5,6,4,adequate,1,,,3,4,3,465,0,0,45
fixed,tiny-04-hist,4,2,5,6,4,adequate,1,,,3,4,3,429,0,0,45
fixed,tiny-05-hist,4,2,5,6,4,adequate,2,,,4,4,4,586,0,0,55
fixed,ordered-fifo,6,2,6,1,32,adequate,1,,,2,2,2,287,0,0,2088
fixed,ordered-lifo,6,2,6,1,32,adequate,1,,,2,3,3,287,0,0,2088
fixed,scale-00,12,4,24,4,64,insufficient_library,2,,,3,12,12,200,0,0,118
fixed,scale-01,24,4,24,8,64,insufficient_library,15,,,17,24,24,327,0,3996152,140
fixed,scale-02,48,4,48,16,64,insufficient_library,28,,,32,48,48,501,0,3999228,280
fixed,scale-03,96,4,48,32,64,insufficient_library,38,,,42,96,74,769,7995230,15998832,376
fixed,scale-04,12,4,24,4,64,insufficient_library,2,,,3,12,12,200,0,0,118
fixed,scale-05,24,4,24,8,64,insufficient_library,15,,,17,24,24,327,0,0,140
fixed,scale-06,48,4,48,16,64,insufficient_library,26,,,30,48,48,488,4010243,0,280
fixed,scale-07,96,4,48,32,64,insufficient_library,38,,,42,96,74,771,7992606,15999253,376
fixed,scale-08,12,4,24,4,64,insufficient_library,2,,,3,12,12,200,0,0,118
fixed,scale-09,24,4,24,8,64,insufficient_library,21,,,23,24,24,366,0,0,140
fixed,scale-10,48,4,48,16,64,insufficient_library,38,,,42,48,48,566,0,3995712,280
fixed,scale-11,96,4,48,32,64,insufficient_library,76,,,80,96,96,1020,7997203,59998955,376
fixed,scale-12,12,4,24,4,64,insufficient_library,2,,,3,12,12,200,0,0,118
fixed,scale-13,24,4,24,8,64,insufficient_library,21,,,23,24,24,366,0,0,140
fixed,scale-14,48,4,48,16,64,insufficient_library,38,,,42,48,48,566,0,3994520,280
fixed,scale-15,96,4,48,32,64,insufficient_library,58,,,62,96,96,918,12026074,15970270,376
fixed,scale-16,12,4,24,4,64,insufficient_library,2,,,3,12,12,200,0,0,118
fixed,scale-17,24,4,24,8,64,insufficient_library,21,,,23,24,24,365,0,4004816,140
fixed,scale-18,48,4,48,16,64,insufficient_library,33,,,37,48,48,533,0,3997985,280
fixed,scale-19,96,4,48,32,64,insufficient_library,64,,,68,96,96,943,7998064,15997961,376
fixed,scale-20,12,4,24,4,64,insufficient_library,2,,,3,12,12,200,0,0,118
fixed,scale-21,24,4,24,8,64,insufficient_library,21,,,23,24,24,366,0,0,140
fixed,scale-22,48,4,48,16,64,insufficient_library,34,,,38,48,48,540,0,3995232,280
fixed,scale-23,96,4,48,32,64,insufficient_library,51,,,55,96,96,869,11998443,15997830,376
fixed,terminal-priority-12,48,4,24,4,64,adequate,0,,,4,4,4,456,0,4004686,136
fixed,terminal-priority-24,96,4,48,4,64,adequate,0,,,4,4,4,456,0,3997585,280
fixed,terminal-rr-12,48,4,24,4,64,adequate,4,,,8,8,8,1795,0,3999598,328
fixed,terminal-rr-24,96,4,48,4,64,adequate,4,,,8,8,8,2583,0,7998534,664
fixed,terminal-wrr-12,48,4,24,4,64,insufficient_library,4,,,8,48,11,363,0,4003073,184
fixed,terminal-wrr-24,96,4,48,4,64,insufficient_library,4,,,8,96,12,557,0,3997866,376
fixed,monochrome-control,96,4,48,4,64,adequate,0,,,4,4,4,454,4000038,0,280
frontier,frontier01,4,2,3,4,8,adequate,2,13,28,3,4,4,493,0,0,4328
frontier,frontier02,4,2,3,4,4,adequate,2,13,28,4,4,4,495,0,0,7266
frontier,frontier03,48,4,24,4,16,adequate,3,72,93,5,48,27,2547,0,0,566
frontier,frontier04,48,4,24,4,64,adequate,2,72,93,4,48,25,2123,4003954,0,518
frontier,frontier05,48,4,24,4,64,adequate,4,188,342,6,48,48,4261,0,0,1344
frontier,frontier06,48,4,48,4,16,adequate,3,380,702,5,48,26,6627,4001010,0,2544
frontier,frontier07,48,4,32,16,64,insufficient_library,31,1553,5832,33,48,48,18064,0,7995510,14874
frontier,frontier08,6,2,5,2,32,adequate,1,6,5,2,2,2,345,0,0,42
